https://hips.hearstapps.com/hmg-prod.s3.amazonaws.com/images/2020-tesla-model-x-mmp-1-1568903910.png?crop=0.564xw:1.00xh;0.191xw,0&resize=640:*
https://icdn1.digitaltrends.com/image/digitaltrends/tesla-model-x-1v2-1500x1000-1500x1000.jpg
https://techcrunch.com/wp-content/uploads/2019/07/Tesla-model-X-Parked-City.jpg?w=730&crop=1
https://d1zgdcrdir5wgt.cloudfront.net/media/vehicle/images/Qo64F452SY-kCkjAinHVsw.1440x700.jpg
https://s.aolcdn.com/dims-global/dims3/GLOB/legacy_thumbnail/640x400/quality/80/https://s.aolcdn.com/commerce/autodata/images/USC60TSS011C021001.jpg
https://www.tesla.com/sites/tesla/files/carousel/image/charger-1%402_0.jpg
https://cdn.shopify.com/s/files/1/0043/8471/8938/products/154950588629316999_812x.jpg?v=1565120317
https://i.ytimg.com/vi/aKra-KgUJIU/maxresdefault.jpg
https://i.gaw.to/content/photos/32/61/326119_2018_Tesla_Model_X.jpg
https://m.media-amazon.com/images/I/71XM1HoKMAL._UY560_.jpg
https://image.businessinsider.com/5c9d33f2ee52ef464036cac7?width=1100&format=jpeg&auto=webp
https://cdn.motor1.com/images/mgl/Pv93r/s1/tesla-model-x-submodel.jpg
https://www.tesla.com/sites/tesla/files/curatedmedia/hero%402_3.jpg
https://upload.wikimedia.org/wikipedia/commons/9/92/2017_Tesla_Model_X_100D_Front.jpg
https://st.motortrend.com/uploads/sites/10/2016/05/2016-Tesla-Model-X-P90D-front-three-quarter-in-motion.jpg?interpolation=lanczos-none&fit=around|392:261
https://s3.amazonaws.com/myev-data/listing/0001/11/thumb_10594_listing_big.jpeg
https://photos.motorcar.com/used-2017-tesla-model_x-90dawd-8431-19064305-1-640.jpg
https://static.carsdn.co/cldstatic/wp-content/uploads/img2101437611-1536606605338.jpg
https://stimg.cardekho.com/images/carexteriorimages/630x420/Tesla/Tesla-Model-X/4640/1551161276462/front-left-side-47.jpg?tr=w-420,e-sharpen
https://cdn.pocket-lint.com/r/s/970x/assets/images/144304-cars-review-tesla-model-x-review-lead-image1-vdycmknzck.jpg
https://static.carsdn.co/cldstatic/wp-content/uploads/img2049970147-1541627316713.jpg
https://www.chicagomotorcars.com/imagetag/5809/main/l/Used-2016-Tesla-Model-X-90D-SUV-LOADED--CARBON-FIBER-UPGRADES.jpg
https://boygeniusreport.files.wordpress.com/2017/12/tesla-model-x-black.jpg?quality=98&strip=all&w=1200
https://cars.usnews.com/static/images/Auto/izmo/i11849245/2017_tesla_model_x_angularfront.jpg
https://electrek.co/wp-content/uploads/sites/3/2018/03/screen-shot-2018-03-16-at-10-26-02-am-e1521210457567.jpg?quality=82&strip=all
https://i.ebayimg.com/images/g/qH8AAOSwxu5ZJZ1U/s-l640.jpg
https://images-na.ssl-images-amazon.com/images/I/713O-p%2Bfd3L._SX425_.jpg
https://cdn.motor1.com/images/mgl/qNWBy/s1/how-does-a-tesla-model-x-feel-for-a-petrolhead.jpg
https://inteng-storage.s3.amazonaws.com/img/iea/r1OrJPqROn/sizes/tesla-supercharger_resize_md.jpg
https://www.teslarati.com/wp-content/uploads/2017/12/tesla-model-x-accident-air-bag-safety.jpg
https://i1.wp.com/www.insidehr.com.au/wp-content/uploads/2019/04/Tesla-Model-X-100D.jpg?resize=1000%2C500&ssl=1
https://cnet4.cbsistatic.com/img/pTOlCaYdI-cxP-NjS0POuT22ROs=/1092x0/2012/02/09/a0516dda-fdc2-11e2-8c7c-d4ae52e62bcc/ModelX_promo.JPG
https://wi-images.condecdn.net/image/pekOxKERYM2/crop/1620/f/tesla1.jpg
https://www.teslarati.com/wp-content/uploads/2019/06/model-x-mobile-service.jpg
https://www.tesla.com/sites/tesla/files/curatedmedia/modelx%402.jpg
https://thumbor.forbes.com/thumbor/960x0/https%3A%2F%2Fspecials-images.forbesimg.com%2Fimageserve%2F513212080%2F960x0.jpg%3Ffit%3Dscale
https://o.aolcdn.com/images/dims?quality=85&image_uri=http%3A%2F%2Fo.aolcdn.com%2Fhss%2Fstorage%2Fmidas%2Ff03635ab3daec6021760a187b6153b75%2F202724181%2Fmodelx.jpg&client=amp-blogside-v2&signature=57f0ae584f74656258602f22a896bba33e8f2477
https://www.autocar.co.uk/sites/autocar.co.uk/files/styles/gallery_slide/public/tesla-model-x-dashboard.jpg?itok=BWgzgeU2
https://g.foolcdn.com/editorial/images/453216/tesla-model-x-supercharging.jpg
https://cnet4.cbsistatic.com/img/qxwD4kvdaLOssHluqisO85qA-5U=/0x0:970x545/2019/06/19/da40e5b8-e377-415f-90a8-db5002107f15/tesla-model-s-3-x-range.jpg
https://i.ytimg.com/vi/lItIyxGZUZQ/maxresdefault.jpg
https://hips.hearstapps.com/hmg-prod.s3.amazonaws.com/images/2018-tesla-model-x-p100d-102-1533572877.jpg?crop=0.824xw:1.00xh;0.0929xw,0&resize=640:*
http://cdn-ds.com/stock/2016-Tesla-Model-X-90D-Henderson-NV/seo/VAMP16658-5YJXCBE4XGF006557/sz_106341/b1cb435a2e4c43066605e56a4f3d9baa.jpg
https://hips.hearstapps.com/pop.h-cdn.co/assets/15/40/768x384/landscape-1443618106-tesla-x-1.jpg?resize=480:*
https://car-images.bauersecure.com/pagefiles/70480/480x270/091_tesla_model_x.jpg
https://cdn.vox-cdn.com/thumbor/fylxKK63aG0M-NSDpQ3XCBGV0tA=/0x0:2040x1360/1200x800/filters:focal(731x731:1057x1057)/cdn.vox-cdn.com/uploads/chorus_image/image/63152101/dbush_170530_1759_0098.0.jpg
https://www.automobilemag.com/uploads/sites/11/2018/06/TSportline-black-tesla-model-x-t-largo-carbon-fiber-wide-body-kit-wm-13.jpg?fit=around%7C875:492
https://cdn1.i-scmp.com/sites/default/files/styles/1200x800/public/images/methode/2017/12/17/b307d156-e300-11e7-af98-bc68401a7f65_1280x720_194826.JPG?itok=RZ6UPhOP
https://static.carsdn.co/cldstatic/wp-content/uploads/img1662789785-1550183607728.jpg
https://d1zgdcrdir5wgt.cloudfront.net/media/vehicle/images/QNd7PgvrRCqC83z4QHouIw.1440x700.jpg
https://electrek.co/wp-content/uploads/sites/3/2017/03/s-l1600-e1489781740837.jpg?quality=82&strip=all
https://i2.cdn.turner.com/money/dam/assets/180331134842-tesla-model-x-crash-640x360.jpg
https://cdn.drivek.it/configurator-icon/cars/gb/400/TESLA/MODEL-X/6886_SUV-5-DOORS/tesla-model-x-side-view.png
https://gtspirit.com/wp-content/uploads/2019/01/Tesla-Model-X-by-T-Sportline-33.jpg
https://www.wired.com/wp-content/uploads/2016/04/press04-model-x-rear-three-quarter-with-active-spoiler.jpg
https://fortunedotcom.files.wordpress.com/2016/05/tes-06-01-16-tesla-model-x-5.jpg
https://i.guim.co.uk/img/media/202f28f9d64bcbf12340369c1dfc91c306bc3d49/122_245_1666_999/master/1666.jpg?width=300&quality=85&auto=format&fit=max&s=815c46e38000e601957ce43a445b3457
https://techcrunch.com/wp-content/uploads/2018/02/147a4373.jpg?w=730&crop=1
https://static.wheels.ae/imgs/2703_WH_170224_STF_Tesla-Model-X-_33_-_Read-Only__0-medium.jpg
https://www.famlii.com/wp-content/uploads/2018/02/Tesla_Model_X_Family_Car.jpg
https://compote.slate.com/images/3dae72f9-82ba-43ce-a97a-9e171a22d120.jpg
https://cdn.shopify.com/s/files/1/2482/4128/products/59894138_2232947346790112_8976938530081079296_o_1400x.jpg?v=1557785010
https://fortunedotcom.files.wordpress.com/2015/12/gettyimages-490596094.jpg
https://hips.hearstapps.com/roa.h-cdn.co/assets/15/40/1600x800/landscape-1443597338-press05-model-x-profile-doors-open.jpg?resize=480:*
https://techcrunch.com/wp-content/uploads/2018/03/147a4381.jpg?w=730&crop=1
https://static.carsdn.co/cldstatic/wp-content/uploads/img-1158081065-1550183620385.jpg
https://si.wsj.net/public/resources/images/BN-LK524_1123te_P_20151123191543.jpg
https://i.ytimg.com/vi/NdaEv-AEofU/maxresdefault.jpg
https://mondrian.mashable.com/uploads%252Fstory%252Fthumbnail%252F95290%252F961d0739-0546-4839-a26d-b55c303fe0e1.png%252F950x534.png?signature=vJw20VTS3jU46d9lI1BKKe-KHS8=&source=https%3A%2F%2Fblueprint-api-production.s3.amazonaws.com
https://www.teslarati.com/wp-content/uploads/2018/09/model-x-plane-crash-dea.jpg
https://image.businessinsider.com/5d49efb9100a241ce622bfd4?width=1100&format=jpeg&auto=webp
https://d1zgdcrdir5wgt.cloudfront.net/media/vehicle/images/1g2mYLikRRKejoYH1Y3FEA.1440x700.jpg
https://content.fortune.com/wp-content/uploads/2015/09/20150929_163752.jpg
https://www.teslarati.com/wp-content/uploads/2018/07/tesla-model-x-100d-performance-uncork-upgrade.jpg
https://photos.motorcar.com/used-2018-tesla-model_x-p100dawd-5609-19087513-1-640.jpg
https://cdn-ds.com/stock/2017-Tesla-Model-X-75D-AWD-Autopilot-Nav-Pano-Subzero-Package-Portland-OR/seo/ECL7794-5YJXCDE24HF052008/sz_136061/a4a1f6fabb3686948687bb1482bdf500.jpg
https://cdn.vox-cdn.com/thumbor/vn2rr3UW_hoCMNb-8dInirMXo_I=/0x292:2040x1360/fit-in/1200x630/cdn.vox-cdn.com/uploads/chorus_asset/file/8695515/dbush_170530_1759_0098.jpg
https://media.ed.edmunds-media.com/tesla/model-x/2018/ot/2018_tesla_model-x_LIFE1_ot_128176_400.jpg
https://6793877637a590c95235-fceb9f1cf8906da7204fdf230af06920.ssl.cf1.rackcdn.com/5YJXCDE27HF040306/dde22c08c846e890ec0bb756004768b6.jpg
https://pictures.dealer.com/b/bostonvolvovillagevcna/1094/be528baee846258844514f482e6eed1ex.jpg?impolicy=resize&w=414
https://d2j40m88aovabi.cloudfront.net/storage/app/public/vehicle/main/Tesla%20Model%20X%20Rental%201-95104.jpg
https://cdn-ds.com/stock/2018-Tesla-Model-X-75D-Boerne-TX/seo/ECL8538-5YJXCDE24JF100970/sz_122156/o_4655/ov_6/w_800/h_534/f09c1e34abf7d73707f32f01de17159e.jpg
https://photos.motorcar.com/used-2016-tesla-model_x-awd4dr60d-10479-18520559-1-640.jpg
http://cdn-ds.com/stock/2018-Tesla-Model-X-75D-Merriam-KS/seo/VAMP20932C-5YJXCDE23JF101298/sz_46257/fe97cb7241262c8dcdfe7bbf24b2329c.jpg
https://icdn4.digitaltrends.com/image/digitaltrends/tesla-model-s-p100d-2-1500x1000.jpg
https://images-na.ssl-images-amazon.com/images/I/71QArIg3sJL._SL1500_.jpg
https://photos.motorcar.com/used-2016-tesla-model_x-awd4dr75d-8629-16875812-1-640.jpg
https://article.images.consumerreports.org/f_auto/prod/content/dam/cro/news_articles/cars/CR-Cars-Inline-Tesla-Model-X-10085-05-16
https://assets.pcmag.com/media/images/561894-2017-tesla-model-x-75d.jpg?thumb=y&width=980&height=1600
https://specials-images.forbesimg.com/imageserve/089232673217466bb043086fde636198/960x0.jpg?fit=scale
https://evcompare.io/upload/resize_cache/iblock/b19/1200_800_2/b191606e2cfae592cb30b26ce6509328.jpg
https://photos4.motorcar.com/used-2016-tesla-model_x-awd4dr90d-13389-18390563-1-400.jpg
https://upload.wikimedia.org/wikipedia/commons/thumb/d/de/FoS20162016_0625_104642AA_%2827867778826%29.jpg/220px-FoS20162016_0625_104642AA_%2827867778826%29.jpg
http://stage.unpluggedperformance.com/wp-content/uploads/2016/11/Unplugged-Performance-Sports-Dynamic-Air-Suspension-Upgrade-Lowering-Kit-Tesla-Model-X-6.jpg
https://www.driven.co.nz/media/136126/160817nzhtbdriven01.jpg?width=820
https://cdn.motor1.com/images/mgl/V1vJ9/s1/2019-jaguar-i-pace-vs-2018-tesla-model-x-comparison.jpg
https://c8d722bfb3f6f659a0a1-55fbe3bb394881568573efdc04c261a4.ssl.cf1.rackcdn.com/5YJXCBE28GF017667/bd36932636e206d184fa1364b19526ef.jpg
https://cdn.shopify.com/s/files/1/0196/5170/products/Charging_Lock_Model_X-2_1024x1024.jpg?v=1510579004
https://www.caldwellchrysler.com/inventoryphotos/333/5yjxcde25jf087274/ip/4.jpg?height=400
https://image.businessinsider.com/585d447aee14b62a008b511e?width=1100&format=jpeg&auto=webp
https://d1zgdcrdir5wgt.cloudfront.net/media/vehicle/images/P0q7flKRRZS13w55ZdnNoA.1440x700.jpg
https://images.autotrader.com/borderscaler/408/306/2d363e/hn/c/e321e13c4e0849e0bc79e230d2a95ea9.jpg
https://photos.motorcar.com/used-2018-tesla-model_x-p100dawdludicrous-13227-19314039-1-640.jpg
https://360view.hum3d.com/zoom/Tesla/Tesla_Model_X_2016_1000_0001.jpg
https://www.erhardbmwoffarmingtonhills.com/inventoryphotos/2571/5yjxcde2xjf120737/ip/2.jpg?height=400
https://08d1a1f96a654d7aa3fa-4aba1220690a72aed85778a3c553c6b8.ssl.cf1.rackcdn.com/5YJXCAE47HF037924/d69b2adbf037047b58097711dde03cb5.jpg
https://images-na.ssl-images-amazon.com/images/I/51EKXDsNt1L._SX466_.jpg
https://cdn.shopify.com/s/files/1/0043/8471/8938/products/156815048152618610_87f34f20-7566-41aa-aa7e-30ab0e3eed71_812x.jpg?v=1568155609
https://st.motortrend.com/uploads/sites/10/2018/03/2018-tesla-model-x-75d-suv-side-view.png
https://www.trucks.com/wp-content/uploads/2018/03/tesla7.jpg
https://www.electrive.com/wp-content/uploads/2018/11/tesla-model-s-model-x-elektroauto.png
https://www.telegraph.co.uk/cars/images/2017/03/02/Model-X-main_trans_NvBQzQNjv4BqhCNFdBOapuzS78PrL0dcsxhPIljy6d_xfBN0bT7pHSw.jpg?imwidth=450
https://carfax-img.vast.com/carfax/7198933953311251010/1/344x258
https://media.ed.edmunds-media.com/for-sale/fe-5yjxcde24hf049495/img-1-600x263.jpg
https://s.marketwatch.com/public/resources/images/MW-HN435_modelx_ZH_20190716122048.jpg
https://imagescdn.dealercarsearch.com/Media/10451/13093159/637001933596589235.jpg
https://www.independent.com/wp-content/uploads/2019/05/Family_with_car.jpg
https://car-images.bauersecure.com/pagefiles/70480/092_tesla_model_x.jpg
http://c0.thejournal.ie/media/2017/04/tesla-model-x-3-2-390x285.jpg
https://images.hgmsites.net/hug/2019-tesla-model-x_100697833_h.jpg
https://hips.hearstapps.com/hmg-prod.s3.amazonaws.com/images/2018-tesla-model-x-p100d-110-1533572878.jpg?resize=480:*
https://i2.wp.com/www.navygrace.com/wp-content/uploads/2018/12/img_8050.jpg?resize=1440%2C1920&ssl=1
https://cdn.shortpixel.ai/client/q_lossy,ret_img/https://nucarcommercial.com/wp-content/uploads/2019/05/Tesla-Model-X-Value-Pitch-Image.jpg
https://www.tesla.com/sites/tesla/files/carousel/image/seating-gallery-6%402.jpg
https://image.cnbcfm.com/api/v1/image/104051715-RTX2QJEW.jpg?v=1529452164&w=678&h=381
https://www.extremetech.com/wp-content/uploads/2015/09/Teslax_RF34-stream-640x360.jpg
https://assets.pcmag.com/media/images/548761-tesla-model-s-2019.jpg
https://fwi-wp-assets-live.s3-eu-west-1.amazonaws.com/sites/1/2019/07/1-MAIN-Tesla-Rear-door-2-c-no-credit.jpg
https://electrek.co/wp-content/uploads/sites/3/2018/12/Tesla-Model-X-police-header-e1543768405323.jpg?quality=82&strip=all&w=1600
https://cnet3.cbsistatic.com/img/SRCR8sJCLUN13MrypMje-HK6uz4=/2018/02/16/7b02446d-0852-4d5c-8475-84927cb14f54/tesla-model-x-police-car-3.jpg
https://www.autocar.co.uk/sites/autocar.co.uk/files/styles/gallery_slide/public/tesla-model-x-instrument-cluster.jpg?itok=FRWVOA0K
https://the-drive-2.imgix.net/http%3A%2F%2Fd254andzyoxz3f.cloudfront.net%2Falex-roy-model-x-hero.jpg?w=1440&auto=compress%2Cformat&ixlib=js-1.4.1&s=12f6ba72c9cddcb3cf8d6ccaf46bddd3
https://pmcvariety.files.wordpress.com/2019/09/tesla-model-x.png?w=640
https://media.wired.com/photos/59336f3f4cd5ce6f96c0d4f4/master/pass/130114_teslax_0119.jpg
https://i1.wp.com/www.motoringresearch.com/wp-content/uploads/2016/11/IMG_6613.jpg?resize=1500%2C1000&ssl=1
https://autoexpress.marfeel.com/statics/i/ps/cdn1.autoexpress.co.uk/sites/autoexpressuk/files/styles/article_main_image/public/2019/04/01_22.jpg?itok=ABd2APOr
https://hips.hearstapps.com/hmg-prod/images/2018-tesla-model-x-p100d-114-1533572879.jpg
https://fsmedia.imgix.net/4c/f2/69/e5/be9c/42d2/967d/c38aca2dc561/teslas-model-x-will-cost-80000.jpeg?rect=441%2C0%2C1998%2C1000&auto=format%2Ccompress&dpr=2&w=650
https://www.enelx.com/content/dam/enel-x/e-mobility/veicoli-elettrici/TESLA-MODEL-x.jpg.resize.1440.500.center.center.jpeg
https://ksassets.timeincuk.net/wp/uploads/sites/54/2015/09/Falcon-wing-1-920x517.jpg
https://cleantechnica.com/files/2018/08/Tesla-Model-S-Model-X-blue-sky.jpg
https://www.ls-collectibles.com/media/catalog/product/cache/1/image/9df78eab33525d08d6e5fb8d27136e95/t/e/tesla-model-x-black-with-black-wheels-06-web.jpg
https://amp.thenational.ae/image/policy:1.84786:1498938836/image/jpeg.jpg?f=16x9&w=1200&$p$f$w=dfa40e8
https://file.kbb.com/kbb/vehicleimage/evoxseo/cp/l/13720/2019-tesla-model%20x-front_13720_032_640x480_ppsw.png
https://cdn.arstechnica.net/wp-content/uploads/2015/09/DSC_6357-980x652.jpg
https://s3-prod.autoweek.com/s3fs-public/ModelX.jpg
https://img.futurecar.com/201908/09/l_5d4e3f46ab104.jpeg
https://images.hgmsites.net/hug/2016-tesla-model-x_100576685_h.jpg
https://media.caradvice.com.au/image/private/c_fill,q_auto,f_auto,w_400,ar_16:9/b54f8d558daf1a5c3747b0a0e89d7037.jpg
https://carsguide-res.cloudinary.com/image/upload/f_auto,fl_lossy,q_auto,t_cg_hero_large/v1/editorial/2018-Tesla-Model-X-75D-matt-campbell-suv-blue-1001x565-%281%29.jpg
https://d1zgdcrdir5wgt.cloudfront.net/media/vehicle/images/-SDd-FwRSIOeCjl29Lk9CQ.1440x700.jpg
https://hips.hearstapps.com/roa.h-cdn.co/assets/cm/14/47/546b762176f1d_-_2014-tesla-model-x-lg.jpg?crop=1xw:1.0xh;center,top&resize=480:*
https://www.electrive.com/wp-content/uploads/2018/09/tesla-family-model-3-semi-model-s-model-x.png
https://car-images.bauersecure.com/pagefiles/70480/095_tesla_model_x.jpg
https://postmediadriving.files.wordpress.com/2019/05/tesla_model_x.jpg
https://assets.newatlas.com/dims4/default/8d2634e/2147483647/strip/true/crop/1619x1080+1+0/resize/1160x774!/quality/90/?url=https%3A%2F%2Fassets.newatlas.com%2Farchive%2Ftesla-model-x-review-57.jpg
https://www.trucks.com/wp-content/uploads/2017/12/tesla-sky-full.jpg
https://i.pinimg.com/originals/d4/76/f6/d476f6c98f40b716a533027d3e66958e.jpg
https://img1.cgtrader.com/items/791143/21ec2b15f5/large/tesla-model-x-3d-model-max-obj-fbx-c4d.jpg
https://i.ytimg.com/vi/1Bg_9dEv2fs/maxresdefault.jpg
https://cdn.images.express.co.uk/img/dynamic/24/590x/New-Tesla-Model-S-1165671.jpg?r=1565793696473
https://images.fineartamerica.com/images/artworkimages/mediumlarge/1/white-2018-tesla-model-x-luxury-suv-electric-car-with-open-falcon-wing-doors-awen-fine-art-prints.jpg
https://forum.fivem.net/uploads/default/original/3X/9/e/9e5492d89fd8d757d469c7a124f2ceacd0d4962c.jpg
https://sm.mashable.com/t/mashable_sea/feature/a/audi-unvei/audi-unveils-its-all-electric-tesla-model-x-competitor-the-e_95v5.910.jpg
https://f1.media.brightcove.com/8/1078702682/1078702682_4915653807001_4915644056001-vs.jpg?pubId=1078702682&videoId=4915644056001
https://cimg2.ibsrv.net/ibimg/hgm/1920x1080-1/100/554/2016-tesla-model-x_100554518.jpg
https://www.zap-map.com/engine/wp-content/uploads/2018/10/Tesla-Model-X-EV-Charging-Guid-16e8c1fe.jpg
https://file.kelleybluebookimages.com/kbb/base/house/2019/2019-Tesla-Model%20X-FrontSide_TEMX1901_640x480.jpg?interpolation=high-quality&downsize=391:*
https://cdn1.autoexpress.co.uk/sites/autoexpressuk/files/styles/article_main_image/public/2017/01/dsc_4436.jpg?itok=Az9N0x0I
https://cdn.images.express.co.uk/img/dynamic/24/590x/Tesla-Model-S-Model-X-software-updates-new-features-897384.jpg
https://media.kasperskydaily.com/wp-content/uploads/sites/92/2017/08/01084830/car.jpg
https://www.osv.ltd.uk/images/cars/cap2/tesla/model-x-hatchback.jpg
http://www.completecar.ie/img/testdrives/7106_large.jpg
http://www.marinoperformancemotors.com/imagetag/12968/3/l/Used-2019-Tesla-Model-X-Long-Range.jpg
https://www.greencarguide.co.uk/wp-content/uploads/2018/02/Tesla-Model-X-100D-007-low-res.jpeg
https://static.independent.co.uk/s3fs-public/thumbnails/image/2017/02/21/17/tesla-model-x-27.jpg?width=1000&height=614&fit=bounds&format=pjpg&auto=webp&quality=70&crop=16:9,offset-y0.5
https://i.gaw.to/vehicles/photos/09/31/093199_2019_tesla_Model_X.jpg?1024x640
https://www.plugincars.com/sites/default/files/imagecache/mosaic_large/videothumbnails/emvideo-youtube-2BpOakQnonc.jpg
https://cdn-ds.com/media/websites/2918/content/2018-resp-comp-Lamborghini-Urus-vs-Tesla-Model-X-A_o.jpg?s=131818
https://www.chicagotribune.com/resizer/-N6mJOPmrCTJhRMIce0xPOKJOAw=/fit-in/800x600/top/filters:fill(black)/arc-anglerfish-arc2-prod-tronc.s3.amazonaws.com/public/AMWLG7D2S5EJLKL3FSLYS5OWUQ.jpg
https://img.etimg.com/thumb/msid-65871323,width-643,imgsize-64861,resizemode-4/update-1-audi-launches-electric-suv-in-teslas-backyard-with-assist-from-amazon.jpg
https://static.tcimg.net/vehicles/primary/f364120c5563a723/2019-Tesla-Model_X-white-full_color-driver_side_front_quarter.png
https://o.aolcdn.com/images/dims3/GLOB/crop/2500x1409+0+0/resize/800x450!/format/jpg/quality/85/http://o.aolcdn.com/hss/storage/midas/628c367d7e1b07bb735a63a92fea2fd3/205619898/01-2016-tesla-model-x-fd-1+%281%29.jpg
https://cnet4.cbsistatic.com/img/Js8wXmS9djqO8ph7VT4yOwOs9Ik=/1092x0/2017/08/16/5e123dd3-033e-4142-8413-97302afc0bab/2017-tesla-model-x-35-of-161.jpg
https://carfax-vrs.imgix.net/2018-Tesla-Model-X-EX-Marketing-01.jpg
https://images-na.ssl-images-amazon.com/images/I/91ZRG5YEhjL._SX355_.jpg
http://evobsession.com/wp-content/uploads/2016/04/Tesla-Model-X-side.jpg
https://i.pinimg.com/originals/04/b9/a5/04b9a528371050ce8134f15c5d17c7c6.jpg
https://unpluggedperformance.com/wp-content/uploads/2016/10/Unplugged-Performance-Tesla-Model-X-400x267.jpg
https://cdn.shopify.com/s/files/1/1724/5219/files/tesla-model-x-wheel-guide_e6eba149-f505-4232-91d7-80f556fdc08d.jpg?1724
https://fossbytes.com/wp-content/uploads/2019/05/Volkswagen-ID-3-Electric-Car-Tesla.jpeg
https://inteng-storage.s3.amazonaws.com/images/MAY/sizes/tesla-rollover-test_resize_md.jpg
https://s3-prod.autoweek.com/s3fs-public/dsc_4740_1.jpg
https://i0.wp.com/www.insidehr.com.au/wp-content/uploads/2017/08/Tesla-Model-X-P100D-min.jpg?resize=1000%2C500&ssl=1
https://image.cnbcfm.com/api/v1/image/105867814-1556076647937gettyimages-1129556839.jpeg?v=1556076718&w=678&h=381
https://media.ed.edmunds-media.com/for-sale/ce-5yjxcde2xjf088534/img-1-600x.jpg
https://www.automobilemag.com/uploads/sites/11/2015/10/2016-Tesla-Model-X-front-three-quarter-motion-2.JPG.jpg?fit=around%7C875:492
https://www.motortrend.com/uploads/sites/5/2016/03/2016-Tesla-Model-X-P90D-front-three-quarter-in-motion-turn-e1459445400802.jpg?fit=around%7C875:492
https://venturebeat.com/wp-content/uploads/2015/09/tesla-model-x.jpg?fit=400%2C210&strip=all
https://www.autocar.co.uk/sites/autocar.co.uk/files/styles/gallery_slide/public/tesla-model-x_0.jpg?itok=cggGF2nW
https://fsmedia.imgix.net/54/e6/e3/d2/98a3/4c86/82b6/f3a05275a5fa/the-tesla-model-x-designed-as-an-opp-cruiser.png?auto=format%2Ccompress&dpr=2&w=650
https://www.autolist.com/6tuem73u73an/4HhmAyhYicCAKEwsEWGsC8/8038d370d9022c6435f3853f793a17f5/tesla_depreciation_hero-image.jpg
https://icdn3.digitaltrends.com/image/digitaltrends/2017-tesla-model-x-25.jpg
http://www.marinoperformancemotors.com/imagetag/12968/19/l/Used-2019-Tesla-Model-X-Long-Range.jpg
https://o.aolcdn.com/images/dims?quality=85&image_uri=https%3A%2F%2Fo.aolcdn.com%2Fimages%2Fdims%3Fcrop%3D5212%252C3468%252C0%252C0%26quality%3D85%26format%3Djpg%26resize%3D1600%252C1065%26image_uri%3Dhttps%253A%252F%252Fs.yimg.com%252Fos%252Fcreatr-images%252F2019-07%252F9bb83f50-a7c5-11e9-9f93-7940c6086ccf%26client%3Da1acac3e1b3290917d92%26signature%3D4aa8ea65d8850447db2c588328d4d4e8da42c5dd&client=amp-blogside-v2&signature=f64a78fee1f555344320196b5247aaeebc99506b
https://www.teslarati.com/wp-content/uploads/2018/05/Tesla-Model-X-off-road-editon-Delta-4x4.jpg
https://www.topgear.com/sites/default/files/images/cars-road-test/2016/11/5d2aa0ea3b5bd279e37eb44dcb906d1c/_mg_7324.jpg
https://img.drivemag.net/media/default/0001/91/tesla-model-x-vs-hyundai-kona-9649-default-large.jpeg
https://i2.cdn.turner.com/money/dam/assets/150902073002-tesla-model-x-340xa.jpg
https://upload.wikimedia.org/wikipedia/commons/thumb/5/52/V10084P006.jpg/220px-V10084P006.jpg
https://res.cloudinary.com/autogravity/image/fetch/ar_1.3,c_pad,d_vehicle-placeholder.png,f_auto,h_300,w_400/https%3A%2F%2Fimageproxy2.autogravity.com%2F920x%2Fvehicles%2Fchrome%2FMultiView%2FWhite%2F1280%2F2019TSS01_1280%2F2019TSS010059_1280_12.jpg
https://www.ttnews.com/sites/default/files/images/articles/tesla_2.jpg
https://s1.ibtimes.com/sites/www.ibtimes.com/files/styles/embed/public/2019/02/10/tesla-model-x.jpg
https://listings-prod.tcimg.net/listings/127982/92/95/5YJXCAE43HF069592/OJJDQFIRKE6FBEUQXZMMOD37UA-318.jpg
https://thumbor.forbes.com/thumbor/960x0/https%3A%2F%2Fblogs-images.forbes.com%2Fnargessbanks%2Ffiles%2F2017%2F09%2F12.-Tesla-Model-X-1200x800.jpg
https://assets.entrepreneur.com/content/3x2/2000/20150902161510-tesla-model-x.jpeg?width=700&crop=2:1
https://www.extremetech.com/wp-content/uploads/2015/08/Tesla-Model-X-2-640x353.jpg
https://www.slashgear.com/wp-content/uploads/2017/08/tesla-model-x-1-980x620.jpg
http://cloud.leparking.fr/2019/04/07/03/53/tesla-model-x-p100d-white_6809300018.jpg
https://parkers-images.bauersecure.com/grid/pagefiles/244304/cut-out/501x334/tesla-model-x-01.jpg
https://img2.thejournal.ie/inline/3363217/original/?width=630&version=3363217
https://media.ed.edmunds-media.com/tesla/model-x/2018/td/2018_tesla_model-x_f34_td_221181_1600.jpg
https://www.greencarguide.co.uk/wp-content/uploads/2018/02/Tesla-Model-X-100D-002-low-res.jpeg
https://www.driven.co.nz/media/136128/160817nzhtbdriven03.jpg
https://www.fab-design.com/assets/images/3/FAB-DESIGN_VIRIUM-Tesla-Model-X_2017a-f3ca31bb.jpg
https://www.chicagomotorcars.com/imagetag/5774/main/l/Used-2018-Tesla-Model-X-100D-SUV-PREMIUM-UPGRADES-PACKAGE.jpg
https://media-cdn.tripadvisor.com/media/photo-s/13/6b/24/e8/tesla-model-x-house-cars.jpg
https://statik.tempo.co/data/2019/04/22/id_836223/836223_720.jpg
https://cnet1.cbsistatic.com/img/JAu00Q7OdyYp42adNQrBaATl2EU=/2017/08/16/44664db8-e197-4726-ae53-7ef652eb7a0e/2017-tesla-model-x-71-of-161.jpg
https://editorial.pxcrush.net/carsales/general/editorial/170209_Telsa_Model_X_P100D_01.jpg?width=1024&height=683
https://www.incimages.com/uploaded_files/image/970x450/getty_159536513_67254.jpg
https://electrek.co/wp-content/uploads/sites/3/2019/10/Tesla-Model-S-range.jpg?quality=82&strip=all&w=1600
https://assets.bwbx.io/images/users/iqjWHBFdfxIU/iqEmHy9_8F9A/v1/1000x-1.jpg
https://images.hgmsites.net/hug/2019-jaguar-i-pace_100654833_h.jpg
https://arc-anglerfish-arc2-prod-tronc.s3.amazonaws.com/public/7O5RXK2HSBF6DB5FV2CQBY566M.jpg
https://media.caradvice.com.au/image/private/c_fill,q_auto,f_auto,w_400,ar_16:9/bwg3jnd1pipoglk52mao.jpg
https://blogmedia.dealerfire.com/wp-content/uploads/sites/593/2018/10/2016-Tesla-Model-X-P90D-Exterior-Passenger-Side-Front-Driver-Side-Rear-Angles_d.jpg
https://hautegroup.net/wp-content/uploads/2017/12/Tesla-Model-X-White-.jpg
https://cdn.nnbusinessview.com/wp-content/uploads/sites/7/2018/03/EVTestDrives-NNB-030518-1.jpg
https://unpluggedperformance.com/wp-content/uploads/2016/11/Unplugged-Performance-Sports-Dynamic-Air-Suspension-Upgrade-Lowering-Kit-Tesla-Model-X-2.jpg
https://content.fortune.com/wp-content/uploads/2015/12/gettyimages-490597708.jpg
https://cdn.motor1.com/images/mgl/RBKor/s1/2019-jaguar-i-pace-vs-2018-tesla-model-x-comparison.jpg
https://s3.amazonaws.com/ern-wp-content/wp-content/uploads/2018/07/Header-1024x683.jpg
https://s1.cdn.autoevolution.com/images/news/tesla-model-x-falcon-doors-in-an-impromptu-crash-test-they-didn-t-pass-109122_1.jpg
https://the-drive-3.imgix.net/https%3A%2F%2Fapi.thedrive.com%2Fwp-content%2Fuploads%2F2018%2F12%2Ftesla-model-s-hero.jpg%3Fquality%3D85?w=1440&auto=compress%2Cformat&ixlib=js-1.4.1&s=c652117f96c8976bb1bf47b382740b23
https://vossenwheels.com/wp-content/uploads/2018/09/Tesla-Model-X-Vossen-Forged-CG-203-Wheels-%C2%A9-Vossen-Wheels-2018-1001-1047x698.jpg
https://carseatblog.com/wp-content/uploads/2018/04/Model-X-oblique.jpg
https://hips.hearstapps.com/roa.h-cdn.co/assets/15/40/4000x1999/gallery-1443577847-tesla-top-1.jpg?resize=480:*
http://cdn-ds.com/stock/2017-Tesla-Model-X-75D-Supercharge-Enabled-CA-HOV-Eligible-Costa-Mesa-CA/seo/ECL9488-5YJXCDE27HF044937/sz_62306/feb567a332dc35250d6efbe0bed34f7f.jpg
https://cdn.autoportal.com/img/new-cars-gallery/tesla/model-x/photo34/tesla-model-x-72d2c45e.jpg
https://thumbs.dreamstime.com/z/tesla-model-electric-luxury-crossover-suv-car-brussels-jan-showcased-th-motor-show-autosalon-137512053.jpg
https://media.architecturaldigest.com/photos/591ed5cbdd7ac31c56ce60a8/master/pass/Tesla%20Model%20X%20P100D%201.jpg
https://www.osv.ltd.uk/images/cars/cap2/tesla/model-x-hatchback_5.jpg
https://bensmann.no/wp-content/uploads/2017/03/IMG_0830.jpg.jpeg
https://carsguide-res.cloudinary.com/image/upload/f_auto,fl_lossy,q_auto,t_cg__marking_background__sm_/v1/editorial/2018-Tesla-Model-X-100D-SUV-blue-Nedahl-Stelio-1200x800-12.jpg
http://www.autoclassmagazine.com/web/wp-content/uploads/2018/02/Auto-Class-Magazine-Tesla-Model-X-9.jpg
https://static.carsdn.co/cldstatic/wp-content/uploads/img-1249691482-1471288844425.jpg
https://ae01.alicdn.com/kf/HTB1FNnyXogQMeJjy0Fiq6xhqXXa9.jpg
https://images-na.ssl-images-amazon.com/images/I/61z9mPKKCsL._SX466_.jpg
https://i.pinimg.com/originals/5b/cc/19/5bcc199aa0d7f8553fb3ba0cbd703c78.jpg
https://cdn.pocket-lint.com/r/s/1200x/assets/images/144304-cars-review-tesla-model-x-review-blue-image10-t3xwzgnjec.jpg
https://cleantechnica.com/files/2019/08/20190323_145810-EFFECTS.jpg
https://ae01.alicdn.com/kf/HTB1EsrlXgYDK1JjSZFCq6x.vXXaS/New-1-32-Tesla-MODEL-X-Alloy-Car-Model-Diecasts-Toy-Vehicles-Toy-Cars-Free-Shipping.jpg
https://stickercity.com/wp-content/uploads/2017/12/Xpel-Tesla-Model-X-1.jpg
https://o.aolcdn.com/images/dims3/GLOB/crop/2137x1201+630+358/resize/800x450!/format/jpg/quality/85/https://s.yimg.com/os/creatr-uploaded-images/2019-01/17b69700-2495-11e9-9fef-1a4ec28a5639
https://cars.usnews.com/dims4/USNEWS/8f604e9/2147483647/resize/640x420%3E/format/jpeg/quality/85/?url=https%3A%2F%2Fcars.usnews.com%2Fstatic%2Fimages%2Farticle%2F201609%2F126036%2F1_640x420.jpg
https://carhopper.co/blog/wp-content/uploads/2018/12/black-tesla-model-x-90d-sideview2.png
https://static.independent.co.uk/s3fs-public/thumbnails/image/2015/09/30/12/modelx.jpg?w968h681
https://file.kelleybluebookimages.com/kbb/base/evox/ExtSpP/11190/2018-Tesla-Model%20X-360SpinFrame_11190_032_2400x1800.png
https://o.aolcdn.com/images/dims?quality=85&image_uri=https%3A%2F%2Fo.aolcdn.com%2Fimages%2Fdims%3Fresize%3D2000%252C2000%252Cshrink%26image_uri%3Dhttps%253A%252F%252Fs.yimg.com%252Fos%252Fcreatr-uploaded-images%252F2019-04%252F118fcc80-6634-11e9-bfad-f3ff07a3143b%26client%3Da1acac3e1b3290917d92%26signature%3D8e3bbf52c38c4b7fbf8fe980b8f12076407ceb05&client=amp-blogside-v2&signature=cfdd9e76345a8715d1e0c77ad84448501600edb4
https://forgiato.com/photos/car-photos/thumbnails/tesla/modelx/forgiato-custom-wheel-tesla-modelx-flow_001-flow-06-17-2019_5d07b65da21e6_7.jpg
https://cimg0.ibsrv.net/ibimg/hgm/1200x675-1/100/641/2018-tesla-model-s-and-2018-tesla-model-x_100641508.jpg
https://www.nextbigfuture.com/wp-content/uploads/2019/04/teslaSX-730x430.jpg
https://www.autoguide.com/blog/wp-content/uploads/2019/01/Tesla-Model-X-vs-Jaguar-I-Pace.jpg
https://cdn.images.express.co.uk/img/dynamic/24/590x/Tesla-Model-S-Tesla-Model-X-100D-P100D-price-specs-848277.jpg
https://cdn1.autoexpress.co.uk/sites/autoexpressuk/files/styles/3x2_960/public/2018/10/dsc_4051.jpg?itok=pk_5UxMT
https://cdn.vox-cdn.com/thumbor/n1GnLgvX3Gv-RjnsL9v3SLSaQxM=/0x0:2040x1360/1200x800/filters:focal(917x602:1243x928)/cdn.vox-cdn.com/uploads/chorus_image/image/56061625/tesla-model-x-launch-019-2040.0.0.jpg
https://static.tcimg.net/vehicles/oem/2c71b87e1ccd5bb0/2019-Tesla-Model_X.jpg
https://www.lifegate.com/app/uploads/tesla-model-x.jpg
https://boygeniusreport.files.wordpress.com/2016/08/model-x-falcon-wing.jpg?quality=98&strip=all
https://postmediadriving.files.wordpress.com/2016/08/tesla-model-x-main.jpg?quality=80&strip=all&w=412&h=263&crop=1
https://www.eenews.net/image_assets/2019/10/image_asset_63993.jpg
https://www.electrive.com/wp-content/uploads/2018/04/bios-groep-tesla-model-x-niederlande-netherlands-taxi.png
https://sx-content-labs.sixt.io/Media/8fleet-1050x600/tesla-x-4d-weiss-2016.png
https://article.images.consumerreports.org/w_767,c_lfill,ar_32:11,f_auto/prod/content/dam/cro/news_articles/cars/CR-Cars-Hero-2016-Tesla-Model-X-open-04-16
https://rzpict1.blob.core.windows.net/images/coches.es/RZCCHSES39341235/TESLA-MODEL-X-13.jpg
https://www.charlottemclaren.com/imagetag/388/main/l/Used-2016-Tesla-Model-X-P90D.jpg
https://cdn.motor1.com/images/mgl/exelK/s1/do-you-know-why-this-tesla-model-x-is-1-sec-slower-than-it-should-be.jpg
https://eftm.com/wp-content/uploads/2019/06/2H2A8268-1.jpg
https://images.autotrader.com/scaler/620/420/cms/images/cars/tesla/model-x/2017teslamodelx/265734.jpg
https://media.ed.edmunds-media.com/for-sale/ab-5yjxcbe29gf011327/img-1-400x175.jpg
https://www.aa.co.nz/assets/motoring/Towing-Reviews/Tesla/Model-X-2018/_resampled/FillWyIxMjgwIiwiNzIwIl0/IMG-2001.JPG?m=1534213922
https://photos.motorcar.com/used-2016-tesla-model_x-awd4dr90d-9217-18296729-1-640.jpg
https://image.businessinsider.com/5a9e9d9b5cc410bd208b45ad?width=1100&format=jpeg&auto=webp
https://electrek.co/wp-content/uploads/sites/3/2019/06/Tesla-Model-X-police-Victoria.jpg?quality=82&strip=all&w=1600
https://cdn2.carbuyer.co.uk/sites/carbuyer_d7/files/styles/16x9_720/public/2018/09/4ev_suv_0.jpg?itok=0MYwuQVQ
https://s.yimg.com/ny/api/res/1.2/hmEhjSJvqHmY1OmSIouIfQ--/YXBwaWQ9aGlnaGxhbmRlcjt3PTEyNDI7aD03MDQuMjE0/https://boygeniusreport.files.wordpress.com/2018/05/shutterstock_1051537193.jpg?quality=98&strip=all
https://s5.eestatic.com/2017/10/13/actualidad/Actualidad_253988486_130038905_1024x576.jpg
https://www.tesla.com/sites/tesla/files/curatedmedia/panowind%402.jpg
https://www.slashgear.com/wp-content/uploads/2019/03/tesla-model-y-model-3-1.jpg
https://images.carpages.ca/inventory/3470645.105038582?w=1280&h=960&q=75&fit=max&s=647741d7b8fd9dc740a9cbdb09db7a99
https://468y981o84o43v2wo2600a0gcj-wpengine.netdna-ssl.com/wp-content/uploads/2016/01/Tesla-Model-X1.png
https://fsmedia.imgix.net/5a/87/fc/a2/73ed/4c53/9eee/e929f7259655/tesla-model-x.jpeg?rect=0%2C417%2C2500%2C1252&auto=format%2Ccompress&dpr=2&w=650
https://cdn.drivek.it/configurator-imgs/cars/gb/800/TESLA/MODEL-X/6886_SUV-5-DOORS/tesla-model-x-back-side-5.jpg
https://www.chicagomotorcars.com/imagetag/5809/62/l/Used-2016-Tesla-Model-X-90D-SUV-LOADED--CARBON-FIBER-UPGRADES.jpg
https://www.washingtonpost.com/resizer/gTKkaoK-FtTiAYY0iXmZTNGfoVE=/767x0/smart/arc-anglerfish-washpost-prod-washpost.s3.amazonaws.com/public/5AXYESX5GM2CNP5STKDPBYEOUQ.jpg
https://g.foolcdn.com/editorial/images/485708/tesla-model-s-x-demand.png
https://car-images.bauersecure.com/pagefiles/72567/tesla-modelx-19.jpg
https://static.turbosquid.com/Preview/001145/895/K3/tesla-x-100d-2017-3D-model_0.jpg
https://www.autocar.co.uk/sites/autocar.co.uk/files/styles/gallery_slide/public/tesla-model-x-side-profile.jpg?itok=1N88emIw
https://www.mercurynews.com/wp-content/uploads/2016/08/20150813_093252_x4.jpg?w=620
https://media.voltron.voanews.com/Drupal/01live-166/styles/sourced/s3/2019-04/D1C73BF9-B45F-43CF-9415-EF3F245D5A40.jpg?itok=0wgART4c
http://www.vilner.eu/imz.php?src=/static/media/ups/cars/gallery/Tesla-Model-X1514980478.127.jpg&w=1920&q=80
https://upload.wikimedia.org/wikipedia/commons/6/65/2017_Tesla_Model_X_100D_Rear.jpg
https://cdn.pocket-lint.com/r/s/1200x/assets/images/144304-cars-review-tesla-model-x-review-blue-image9-qzdbo0cj3q.jpg
https://the-drive-3.imgix.net/https%3A%2F%2Fapi.thedrive.com%2Fwp-content%2Fuploads%2F2018%2F11%2Fmodel-3-p.jpg%3Fquality%3D85?w=1440&auto=compress%2Cformat&ixlib=js-1.4.1&s=e56f7b028b1a6b6a26a2b0409a169756
https://cnet3.cbsistatic.com/img/hp_n_1Xobrt3Z2nozDGfv8RB-Zg=/1200x675/2017/08/18/21a4cd9f-8404-40e7-bc78-4eaa897c30db/tesla-auto-high-beams-ogi.jpg
https://www.mercurynews.com/wp-content/uploads/2016/08/20120210_084324_tesla-model-x-copy.jpg?w=620
https://media.nbcsandiego.com/images/652*367/Tesla-Model-X-SUV-AP_934450583964.jpg
https://futurefive.co.nz/uploads/story/2018/11/08/Tesla.png
https://bensmann.no/wp-content/uploads/2017/08/IMG_0232-2.jpg
https://cdn.shopify.com/s/files/1/1724/5219/files/black-tesla-model-x-t-largo-carbon-fiber-wide-body-kit-wm-2_1024x1024.jpg?v=1527701713
https://cleantechnica.com/files/2019/05/model-s-x-refresh-range-extended_grand.jpg?width=1200&enable=upscale
https://www.teslarati.com/wp-content/uploads/2019/11/Tesla-Model-S-Plaid-Nurburgring-1.jpg
https://file.kelleybluebookimages.com/kbb/base/evox/StJ/11190/2018-Tesla-Model%20X-dashboard_11190_059_640x480.jpg
https://fossbytes.com/wp-content/uploads/2019/08/Electric-Car-China-HiPhi-1-features.jpg
https://images.hgmsites.net/hug/2018-tesla-model-s_100641502_h.jpg
https://cdn.motor1.com/images/mgl/K6Yxb/s1/2019-jaguar-i-pace-vs-2018-tesla-model-x-comparison.jpg
https://cdn.dribbble.com/users/1922829/screenshots/5888159/tesla-model-x-electric-car-vehicle-suv-van-wrap-mockup.jpg
https://icdn2.digitaltrends.com/image/digitaltrends/tesla-model-s-28.jpg
https://techcrunch.com/wp-content/uploads/2018/04/gettyimages-490598518.jpg?w=730&crop=1
https://pictures.topspeed.com/IMG/crop/201910/tesla-model-s-plaid--2-2_800x0w.jpg
https://cs.copart.com/v1/AUTH_svc.pdoc00001/PIX170/aa23aeaa-81b7-4578-81c0-f9732c89b989.JPG
https://www.carzone.ie/Jato/Images/Photolib/irl/TESLA/MODEL%20X/2019/5OD-4.JPG
http://www.extremetech.com/wp-content/uploads/2015/09/TeslaX_197in_vs_BMW_X6_192in_captioned-640x470.jpg
https://img.gta5-mods.com/q95/images/tesla-model-x-p90d/67931d-Tesla%20Model%20X%202.0%20[EVE]%208.jpg
https://ws.pirelli.com/b2cwsfitment/cxf/image/v2/get-image/WW/en/car/model/232916.png
https://www.aa.co.nz/assets/motoring/car-reviews/tesla/Model-X-2017/_resampled/FillWyIxMjgwIiwiNzIwIl0/Tesla-1.jpg?m=1533766779
https://s3-prod.autoweek.com/s3fs-public/styles/1152x647/public/2120x920_mx-restaurant.png
https://o.aolcdn.com/images/dims3/GLOB/crop/2370x1334+0+0/resize/800x450!/format/jpg/quality/85/http://o.aolcdn.com/hss/storage/midas/38377711ce5a993d33746a82f3dfcc45/206194694/Untitled-1.jpg
https://hips.hearstapps.com/hmg-prod/amv-prod-cad-assets/images/16q2/667349/2016-tesla-model-x-test-review-car-and-driver-photo-667986-s-original.jpg?resize=480:*
http://www.marinoperformancemotors.com/imagetag/12968/43/l/Used-2019-Tesla-Model-X-Long-Range.jpg
https://i.ndtvimg.com/i/2017-12/tesla-model-x-india_827x511_71512658555.jpg
https://www.verdict.co.uk/wp-content/uploads/2018/03/jaguaripace.png
https://specials-images.forbesimg.com/imageserve/694cfc0e33044575a7c9bd2b1d523d5f/960x0.jpg?fit=scale
https://static.independent.co.uk/s3fs-public/thumbnails/image/2019/01/31/12/tesla-driver-sleeping-model-x.jpg
http://learnbonds.com/wp-content/images/tesla-model-x-launch-022-2040.0.jpg
https://cdn.images.express.co.uk/img/dynamic/24/590x/Tesla-Model-S-Model-X-Supercharging-1130602.jpg?r=1558530583792
https://crls.io/s/evox%2Fcolor_2400_032_png%2FMY2019%2F13720%2F13720_cc2400_032_PBSB.png/feature/n/tesla-model-x.png
https://jbrcapital.com/wp-content/uploads/side-cars-megamix_0000s_0000s_0008_tesla-model-x-side-view.jpg
https://i.ytimg.com/vi/8E1MJIeFpzk/maxresdefault.jpg
https://upload.wikimedia.org/wikipedia/commons/thumb/1/14/2018_Tesla_Model_S_75D.jpg/1200px-2018_Tesla_Model_S_75D.jpg
https://d1zgdcrdir5wgt.cloudfront.net/media/vehicle/images/s_TxSfhUS0aIrKWEzTt7hA.1440x700.jpg
https://images-platform.99static.com/q0imd8i1rFOpGryIjDUkZ2Yk4dk=/0x0:2000x2000/fit-in/900x675/99designs-contests-attachments/99/99268/attachment_99268645
https://www.greencarguide.co.uk/wp-content/uploads/2018/02/Tesla-Model-X-100D-006-low-res.jpeg
https://article.images.consumerreports.org/f_auto/prod/content/dam/cro/news_articles/cars/CR-Cars-Inline-Tesla-Model-X-Left-05-16
https://cdn.vox-cdn.com/thumbor/WR29tl6D0ykR71t0DdG6wcq8Gqc=/0x29:3000x2029/1200x800/filters:focal(0x29:3000x2029)/cdn.vox-cdn.com/uploads/chorus_image/image/49287179/GettyImages-490597844.0.jpg
https://cdn.motor1.com/images/mgl/9nM9p/s1/tesla-model-x-vs-range-rover.jpg
https://media.ed.edmunds-media.com/for-sale/44-5yjxcde20hf069775/img-1-400x175.jpg
https://car-images.bauersecure.com/pagefiles/70480/tesla-modelx-07.jpg
https://d.ibtimes.co.uk/en/full/1605258/tesla-model-x.jpg?w=736&f=8692a30af3b2d2a884896c7d3492a398
https://content.fortune.com/wp-content/uploads/2015/11/gettyimages-490597722.jpg
https://fm.cnbc.com/applications/cnbc.com/resources/img/editorial/2017/02/13/104278462-Tesla_model_s_and_x_dubai.jpg?v=1486994641
https://i.ndtvimg.com/i/2017-12/tesla-model-x-india_827x510_61512658409.jpg
https://img.autobytel.com/car-reviews/autobytel/133485-2019-audi-etron-vs-2019-tesla-model-x-which-is-best/2019-Tesla-Model-X-Audi-e-Tron_400_thb.jpg
https://fsmedia.imgix.net/24/fe/a3/96/e71a/47b3/80ba/2bd63f55ec47/custom-model-x-with-all-the-extras.png?rect=143%2C0%2C992%2C496&auto=format%2Ccompress&dpr=2&w=650
https://www.teslarati.com/wp-content/uploads/2019/09/Screen-Shot-2019-09-25-at-10.03.02-AM.jpg
https://electrek.co/wp-content/uploads/sites/3/2019/06/Jaguar-I-Pace-Tesla-Model-X-e1561702825482.jpg?quality=82&strip=all&w=1600
https://cnet3.cbsistatic.com/img/7InT7RX6WykiVN6-A4mdDl-xL30=/980x551/2016/04/28/0b18c535-0567-4d1b-883f-56c672e83d9d/2016-tesla-model-s-1-of-43.jpg
https://res.cloudinary.com/unix-center/image/upload/c_limit,dpr_auto,f_auto,fl_progressive,g_center,h_450,q_auto,w_750/v1501878999/du1uhybbhafsocvobxzo.jpg
https://pictures.topspeed.com/IMG/crop/201903/2020-tesla-model-y-v-13_800x0w.jpg
https://static.carsdn.co/cldstatic/wp-content/uploads/img395251634-1550183611968.jpg
https://cdn.motor1.com/images/mgl/AJ472/s1/2019-jaguar-i-pace-vs-2018-tesla-model-x-comparison.jpg
http://cleantechnica.com/files/2016/04/Tesla-Model-X-Gene.jpg
https://cdn1.autoexpress.co.uk/sites/autoexpressuk/files/styles/3x2_960/public/2017/06/dsc_4346_0.jpg?itok=AZ3p-aL7
https://thumbor.forbes.com/thumbor/960x0/https%3A%2F%2Fblogs-images.forbes.com%2Ftychodefeijter%2Ffiles%2F2016%2F07%2Ftesla-model-x-1.jpg
https://mondrian.mashable.com/uploads%252Fstory%252Fthumbnail%252F5534%252FModel_S_refresh.png%252F950x534.png?signature=L7QhqSAKJQKs_n4bj_k83Ze5oOs=&source=https%3A%2F%2Fblueprint-api-production.s3.amazonaws.com
https://images.autotrader.com/scaler/620/420/cms/images/cars/tesla/models/2016modelsvs2016modelx/255724.jpg
http://www.marinoperformancemotors.com/imagetag/12895/18/l/Used-2017-Tesla-Model-X-100D.jpg
https://fossbytes.com/wp-content/uploads/2019/11/NIO-ES8-Electric-SUV-Specs.jpeg
https://static.wheels.ae/imgs/2703_WH_170224_STF_Tesla-Model-X-_58_-_Read-Only__0-medium.jpg
https://s.aolcdn.com/dims-global/dims3/GLOB/legacy_thumbnail/350x197/quality/95/http://www.blogcdn.com/slideshows/images/slides/364/389/7/S3643897/slug/l/tesla-motors-inc-model-x-suv-reveal-1.jpg
https://www.driving.co.uk/s3/st-driving-prod/uploads/2018/08/Audi-e-tron-Jaguar-I-Pace-Porsche-Mission-E-Tesla-Model-X.jpg
https://cdn.pocket-lint.com/r/s/1200x/assets/images/144304-cars-review-tesla-model-x-review-practical-image1-rb6cmspgsm.jpg
https://images-na.ssl-images-amazon.com/images/I/4145r6ROFiL._SX311_BO1,204,203,200_.jpg
https://cdn.images.express.co.uk/img/dynamic/24/590x/Tesla-Model-3-1154415.jpg?r=1563358525398
https://images.techhive.com/images/article/2016/06/image11-100664864-large.jpg
https://carsguide-res.cloudinary.com/image/upload/f_auto,fl_lossy,q_auto,t_cg__marking_background__sm_/v1/editorial/2018-Tesla-Model-X-100D-SUV-blue-Nedahl-Stelio-1200x800-26.jpg
http://blog.evandmore.com/wp-content/uploads/2016/05/ModelX-RougeSig-820x340.jpeg
https://cdn.shopify.com/s/files/1/1724/5219/articles/satin-black-tesla-model-x-mx5-gloss-black-22-inch-forged-wheels-wm-1.jpg?v=1548099187
https://www.automobilemag.com/uploads/sites/11/2017/01/Unplugged-Performance-2016-Tesla-Model-X-90D.jpg?fit=around%7C875:492
https://icdn9.digitaltrends.com/image/digitaltrends/2017-tesla-model-x-3-1500x1000.jpg
http://cloud.leparking.fr/2019/01/09/02/21/tesla-model-x-p100d-grey_6637045151.jpg
https://cars.usnews.com/static/images/Auto/izmo/i64148541/2018_tesla_model_x_dashboard.jpg
https://images.carstory.com/6541952380682961172/1/t/324x-
https://i.ytimg.com/vi/vCXaR3_r164/maxresdefault.jpg
https://amp.businessinsider.com/images/570d21f7dd08954b538b4766-750-375.png
https://cdn.vox-cdn.com/thumbor/uj1wVsK0Cp6ym0BB1jgnx5mKB8Q=/0x0:2040x1360/1200x800/filters:focal(857x517:1183x843)/cdn.vox-cdn.com/uploads/chorus_image/image/49813169/tesla-model-x-launch-007-2040.0.0.jpg
https://static.tcimg.net/vehicles/oem/ef0cd554d2f4635a/2019-Tesla-Model_X.jpg
https://www.chicagotribune.com/resizer/qm63q6gRKf2monM-SlpoUTLtqyo=/1200x0/top/www.trbimg.com/img-58ac5d5e/turbine/sc-tesla-model-x-autoreview-0202
https://www.autocar.co.uk/sites/autocar.co.uk/files/styles/gallery_slide/public/tesla-model-x-gear-selector.jpg?itok=UX7VFhwT
https://upload.wikimedia.org/wikipedia/commons/b/bb/Tesla_Model_X_P100DL_side_view.jpg
https://inteng-storage.s3.amazonaws.com/images/JULY/sizes/model_s_resize_md.jpg
https://cdn.nettiauto.com/live/10287984/Tesla-Model-X-af735959e3862edd-medium.jpg
https://fsmedia.imgix.net/ac/f2/d2/e1/8884/482e/a195/31d663bd1479/a-model-s.png?crop=edges&fit=crop&auto=format%2Ccompress&dpr=2&h=325&w=650
https://autofilou.at/wp-content/uploads/2017/06/008-2017-Tesla-Model-X-90D-test-drive-review-fahrbericht-black-schwarz-autofilou.jpg
https://www.teslarati.com/wp-content/uploads/2019/03/model-s-model-x-e1551457860851.jpg
https://i.ytimg.com/vi/uktm0ysEkww/maxresdefault.jpg
https://images.squarespace-cdn.com/content/v1/546a6960e4b02520b106a456/1462229229955-QIPGJG2AZ2MRBZ1DK89E/ke17ZwdGBToddI8pDm48kOouuPCRmzCdud9lOgByk8N7gQa3H78H3Y0txjaiv_0fBvivNZK_6JPv8QJncOi2GQN30aTXLPx_iENY6eUxuU8Ar478UQzkL2JxW2iXfOaIeoqS5JAWrnb1436X_b_yVRReLB75oIvKxcDxwlnLXaZq1C0SzjK_j4SPw03qXk8EV6N8R92D-KRDM4GJ8SnGpg/IMG_9938.JPG?format=2500w
https://www.vtc-limousine.fr/wp-content/uploads/2016/08/Zach-Model-X-behind.jpg
https://www.autozeitung.de/assets/styles/article_image/public/field/image/tesla-model-x-1.jpg?itok=NbISx5Ty
https://cdn1.autoexpress.co.uk/sites/autoexpressuk/files/2017/01/dsc_4364.jpg
https://car-images.bauersecure.com/pagefiles/72567/tesla-modelx-09.jpg
https://tagmotorsports.com/media/catalog/product/cache/1/image/9df78eab33525d08d6e5fb8d27136e95/t/e/tesla-model-x---22-v-ff-107-carbon-graphite_35398883813_o.jpg
https://cdn.motor1.com/images/mgl/kPpRe/s1/x-crash.jpg
http://www.marinoperformancemotors.com/imagetag/12968/2/l/Used-2019-Tesla-Model-X-Long-Range.jpg
https://www.autozeitung.de/assets/styles/article_image/public/field/image/tesla-model-x-2016-1.jpg?itok=UlrKEAKs
https://cdn.pocket-lint.com/r/s/1200x/assets/images/144304-cars-review-tesla-model-x-review-blue-image15-vbkf6tskxw.jpg
https://images.hgmsites.net/hug/2017-tesla-model-s_100584983_h.jpg
https://cdn.carbuzz.com/gallery-images/2018-tesla-model-x-front-view-driving-carbuzz-388937-840x560.jpg
https://media.ed.edmunds-media.com/for-sale/80-5yjxcbe47gf001087/img-1-400x175.jpg
https://www.greencarguide.co.uk/wp-content/uploads/2018/02/Tesla-Model-X-100D-012-low-res.jpeg
https://upload.wikimedia.org/wikipedia/commons/thumb/7/76/Receiving_Tesla_Model_X_%28VIN_2%29.jpg/200px-Receiving_Tesla_Model_X_%28VIN_2%29.jpg
https://static.motor.es/fotos-noticias/2017/04/prueba-tesla-model-x-p100d-201735337_1.jpg
https://truongdaotaolaixehcm.com/wp-content/uploads/2019/03/Tesla-Model-X-b%E1%BA%A3n-P100D.jpg
https://d1zgdcrdir5wgt.cloudfront.net/media/vehicle/images/Qjh5ydafQAe5SpDzoNy4Og.1440x700.jpg
https://cleantechnica.com/files/2019/10/Tesla-model-x-ISEA-Raffle--e1570823934617.png
https://o.aolcdn.com/images/dims?quality=85&image_uri=https%3A%2F%2Fimg.vidible.tv%2Fprod%2F2018-03%2F06%2F5a9ef91388420b6dfca5de8a%2F5a9ef999ccc0975afdf0d0c2_o_U_v1.jpg&client=amp-blogside-v2&signature=f191395edddb5af3fe6f736cd74c8e5173a6fea2
https://www.autocar.co.uk/sites/autocar.co.uk/files/styles/gallery_slide/public/tesla-model-x-autopilot.jpg?itok=4d68e75G
https://cdn.images.express.co.uk/img/dynamic/24/590x/Tesla-Model-S-and-Tesla-Model-X-870346.jpg
https://media.istockphoto.com/photos/all-white-tesla-model-x-with-all-white-leather-interior-seating-a-picture-id898347322
https://cdn.motor1.com/images/mgl/Je7OK/s3/tesla-model-x-drag-races-audi-e-tron.jpg
https://amp.businessinsider.com/images/57212210dd0895fa408b469d-750-563.jpg
https://www.driven.co.nz/media/136142/160817nzhtbdriven23.jpg
https://tagmotorsports.com/media/catalog/product/cache/1/image/9df78eab33525d08d6e5fb8d27136e95/t/e/tesla-model-x---22-v-ff-107-carbon-graphite_36036500102_o.jpg
https://techcrunch.com/wp-content/uploads/2019/09/Tesla-fleet-S3XY.jpg?w=730&crop=1
https://thumbor.forbes.com/thumbor/960x0/https%3A%2F%2Fblogs-images.forbes.com%2Ftychodefeijter%2Ffiles%2F2016%2F06%2Ftesla-model-x-1.jpg
https://file.kelleybluebookimages.com/kbb/base/evox/StJ/11190/2018-Tesla-Model%20X-exterior-extra_11190_095_640x480.jpg
https://www.teslarati.com/wp-content/uploads/2018/06/jaguar-i-pace-drag-race-vs-tesla-model-x.jpg
http://momentcar.com/images/tesla-model-x-2015-7.jpg
https://blog.bilbasen.dk/wp-content/uploads/2016/06/Tesla-Model-X-13.jpg
https://cdn.vox-cdn.com/thumbor/UMjM1S7Ncpiw6On67KEd0wJo8YE=/0x0:2822x2117/1200x800/filters:focal(1186x834:1636x1284)/cdn.vox-cdn.com/uploads/chorus_image/image/49794921/wFlcpFG.0.jpg
https://article.images.consumerreports.org/f_auto/prod/content/dam/cro/news_articles/cars/CR-Cars-Inline-Tesla-Model-X-Right-Doors-05-16
https://blogmedia.dealerfire.com/wp-content/uploads/sites/593/2017/10/2016-Tesla-Model-X-P90D-Founders-Edition-Exterior-Passenger-Side-Profile_o.jpg
https://st3.depositphotos.com/1671840/13946/i/1600/depositphotos_139462880-stock-photo-tesla-model-x-dashboard.jpg
https://cnet2.cbsistatic.com/img/MpF9PmnnRbSHREu3qLlV0kGDjsY=/940x0/2016/04/28/c3d39e45-9059-4e60-9c4f-72a11f48b077/2016-tesla-model-s-17-of-43.jpg
https://cdn.motor1.com/images/mgl/PYOQy/s1/tesla-model-x-is-by-far-the-best-luxury-suv-5-reasons-why-video.jpg
https://electrek.co/wp-content/uploads/sites/3/2018/12/Tesla-Model-X-armored-.jpg?quality=82&strip=all&w=1600
https://cdn1.autoexpress.co.uk/sites/autoexpressuk/files/styles/article_main_image/public/2017/01/dsc_4182.jpg?itok=zdA_lBr8
https://car-images.bauersecure.com/pagefiles/72567/tesla-modelx-02.jpg
https://o.aolcdn.com/images/dims?quality=85&image_uri=https%3A%2F%2Fo.aolcdn.com%2Fimages%2Fdims%3Fresize%3D2000%252C2000%252Cshrink%26image_uri%3Dhttps%253A%252F%252Fs.yimg.com%252Fos%252Fcreatr-uploaded-images%252F2019-04%252F4041fac0-59fb-11e9-ad56-aaba39f86f34%26client%3Da1acac3e1b3290917d92%26signature%3D9ce3ca3dfc1244a29a3aa08eddfa005d70dcab3c&client=amp-blogside-v2&signature=35163d67db6a5706dbbe2281792729ab2d0f9fe7
https://d1zgdcrdir5wgt.cloudfront.net/media/vehicle/images/A5etY1seS6SxYo4n_tJLEQ.1440x700.jpg
https://pic.clubic.com/v1/images/1700675/raw
https://images.hgmsites.net/hug/2016-tesla-model-x_100554512_h.jpg
https://upload.wikimedia.org/wikipedia/commons/1/16/2018_Tesla_Model_X_100D.jpg
http://resources.carsguide.com.au/2018-Tesla-Model-X-100D-SUV-blue-Nedahl-Stelio-1200x800-25.jpg
https://www.autocar.co.uk/sites/autocar.co.uk/files/styles/gallery_slide/public/tesla-model-x-door-opening.jpg?itok=2Xg8fljU
https://i.ytimg.com/vi/3iWWkVWUxis/maxresdefault.jpg
http://www.marinoperformancemotors.com/imagetag/12711/main/l/Used-2017-Tesla-Model-X-P100D.jpg
https://i.ytimg.com/vi/scvG5aCl47c/maxresdefault.jpg
https://i.ytimg.com/vi/OiZs3LrGhPs/maxresdefault.jpg
https://image.businessinsider.com/59e76aeaddd0632d008b4bef?width=1100&format=jpeg&auto=webp
https://static.tcimg.net/vehicles/oem/1cd71d85e61ca0ae/2019-Tesla-Model_X.jpg
https://static.carsdn.co/cldstatic/wp-content/uploads/img-1835220689-1536606615533.jpg
https://www.challenges.fr/assets/img/2017/07/20/cover-r4x3w1000-5970c8dd65436-dsc-0701-0-jpg.jpg
https://cdn.shopify.com/s/files/1/1724/5219/files/deep-blue-metallic-tesla-model-x-t-largo-wide-body-package-carbon-fiber_df9c5356-659e-403e-9d89-e802c7dc6a0d_1090x1090_crop_top@2x.jpg?v=1535671335
https://o.aolcdn.com/images/dims3/GLOB/crop/1920x1081+0+103/resize/800x450!/format/jpg/quality/85/http://o.aolcdn.com/hss/storage/midas/27d61dda36a7f0eaa175a62904aadea/203898676/06-2016-tesla-model-x-fd-1.jpg
https://img.autogidas.lt/4_15_148915483/tesla-model-x-visureigis-2017.jpg
https://cdn.motor1.com/images/mgl/XP04V/s1/tesla-model-x-cool-factor.jpg
https://thumbor.forbes.com/thumbor/960x0/https%3A%2F%2Fblogs-images.forbes.com%2Fbrookecrothers%2Ffiles%2F2015%2F09%2Fmodel-x-signature-series.jpg
https://electrek.co/wp-content/uploads/sites/3/2019/01/Tesla-Model-X-ambulance-hero.jpg?quality=82&strip=all&w=1600
https://www.turbo.fr/sites/default/files/styles/article_690x405/public/2019-01/tesla_model_x_custom_t_sportline.png?itok=AR2cFGzh
http://cleantechnica.com/files/2016/04/Tesla-Model-X-Don-Max-Zach.jpg
https://car-images.bauersecure.com/pagefiles/72567/tesla-modelx-01.jpg
https://cdn.vox-cdn.com/thumbor/NwI6jAgSx7uTRrNGNp1nrd-4CsE=/0x0:2040x1360/1200x800/filters:focal(857x517:1183x843)/cdn.vox-cdn.com/uploads/chorus_image/image/59188445/tesla-model-x-launch-025-2040.0.0.jpg
https://www.km77.com/images/medium/2/0/5/1/18-baja-ext-tesla-model-x-2017.332051.jpg
https://www.autocar.co.uk/sites/autocar.co.uk/files/styles/gallery_slide/public/images/car-reviews/first-drives/legacy/2-tesla-model-x-long-range-2019-uk-fd-hero-rear.jpg?itok=xr-11IGr
https://cimg2.ibsrv.net/ibimg/hgm/1600x900-1/100/551/2016-tesla-model-x-owned-by-ron-merkord-march-2016-photo-david-noland_100551550.jpg
https://s.aolcdn.com/dims-global/dims3/GLOB/legacy_thumbnail/350x197/quality/95/http://www.blogcdn.com/slideshows/images/slides/364/388/4/S3643884/slug/l/tesla-motors-inc-model-x-suv-reveal-1.jpg
https://i.ytimg.com/vi/id1D3Ud5-2Q/maxresdefault.jpg
https://content.fortune.com/wp-content/uploads/2016/05/tes-06-01-16-tesla-model-x-4.jpg
https://images.caradisiac.com/logos/2/8/2/3/192823/S7-essai-video-tesla-model-x-navette-speciale-109951.jpg
https://car-images.bauersecure.com/pagefiles/72567/tesla-modelx-08.jpg
https://cdn.motor1.com/images/mgl/X9JjE/s1/blue-tesla-model-x-exterior-and-interior-walkaround-video.jpg
https://cdn.shopify.com/s/files/1/1724/5219/products/project-tifany-x-tesla-model-x-p90d-pearl-white-22-inch-forged-wheels-1_1024x1024@2x.jpg?v=1494267420
https://images-na.ssl-images-amazon.com/images/I/61Be4-GKEFL._SY355_.jpg
https://www.teslarati.com/wp-content/uploads/2018/03/model-x-vs-acura-nsx-drag-race.jpg
https://cnet2.cbsistatic.com/img/c_UEye_rEd5u5hR5tCrMs2lpYnE=/2017/08/16/1db81844-8f95-4242-b6e2-eded8f445b15/2017-tesla-model-x-156-of-161.jpg
https://images.hgmsites.net/lrg/scene-from-tesla-model-x-production-video_100539345_l.jpg
https://www.autocar.co.uk/sites/autocar.co.uk/files/styles/gallery_slide/public/images/car-reviews/first-drives/legacy/geneva-1-420.jpg?itok=YNl-Hh6y
https://www.autoblog.nl/gallery/0_Reviews/Tesla/Model_X/Tesla-Model-X-P90D-9997.jpg
https://cleantechnica.com/files/2018/07/tesla-family-model-3-s-x.jpg
https://i.ytimg.com/vi/hmd3mks6HPs/maxresdefault.jpg
https://cdn.shopify.com/s/files/1/1724/5219/files/satin-black--tesla-model-x-full-body-wrap_1024x1024.jpg?v=1538179268
https://car-images.bauersecure.com/pagefiles/70480/099_tesla_model_3.jpg
https://i.ytimg.com/vi/tci6xlgIyIY/maxresdefault.jpg
https://o.aolcdn.com/images/dims?quality=85&image_uri=http%3A%2F%2Fo.aolcdn.com%2Fhss%2Fstorage%2Fmidas%2F24a320ca5d4167bf8f06554275dc6f5c%2F204238361%2Ftesla-ed.jpg&client=amp-blogside-v2&signature=a05dec14cecef8d3dff062d041f9e402dc19854a
https://www.teslarati.com/wp-content/uploads/2018/09/model-x-plane-crash-6.jpg
http://cleantechnica.com/files/2016/04/Tesla-Model-X-front.jpg
https://car-images.bauersecure.com/pagefiles/72567/tesla-modelx-03.jpg
https://i.ytimg.com/vi/XMX1VS8Odmw/maxresdefault.jpg
https://www.teslarati.com/wp-content/uploads/2016/05/Black-Model-X-P90DL-Front-Door-Interior.jpg
